"year","CityTown.of.Residence","Winners","Nonwinners","Total","Dollars_Awarded"
2022," ",216,510,726,634300
2023," ",234,523,757,550550
2024,"Ashburnham",0,2,2,0
2024,"Auburn",0,2,2,0
2024,"Bolton",0,3,3,0
2024,"Charlton",0,1,1,0
2024,"Douglas",1,4,5,20000
2024,"Dudley",0,1,1,0
2024,"Fitchburg",0,2,2,0
2024,"Grafton",0,4,4,0
2024,"Holden",1,16,17,2000
2024,"Leominster",0,1,1,0
2024,"Mendon",0,2,2,0
2024,"Milford",0,1,1,0
2024,"Northborough",0,1,1,0
2024,"Northbridge",0,5,5,0
2024,"Oxford",0,2,2,0
2024,"Paxton",0,2,2,0
2024,"Princeton",0,2,2,0
2024,"Rockdale",0,1,1,0
2024,"Rutland",0,3,3,0
2024,"Shrewsbury",1,5,6,1000
2024,"Southborough",0,2,2,0
2024,"Sterling",0,3,3,0
2024,"Sutton",0,4,4,0
2024,"Templeton",0,1,1,0
2024,"Upton",0,1,1,0
2024,"Uxbridge",0,2,2,0
2024,"Warren",0,1,1,0
2024,"Webster",0,3,3,0
2024,"West Boylston",0,1,1,0
2024,"Westborough",0,1,1,0
2024,"Westminster",0,3,3,0
2024,"Whitinsville",0,3,3,0
2024,"Winchendon",0,1,1,0
2024,"Worcester",0,27,27,0
2024," ",225,646,871,431000
2025,"Ashburnham",1,8,9,12000
2025,"Athol",2,6,8,11300
2025,"Auburn",4,21,25,11750
2025,"Baldwinville",0,3,3,0
2025,"Barre",2,0,2,6450
2025,"Berlin",0,4,4,0
2025,"Blackstone",0,2,2,0
2025,"Bolton",0,8,8,0
2025,"Boylston",2,5,7,4500
2025,"Charlton",3,10,13,2840
2025,"Cherry Valley",0,1,1,0
2025,"Clinton",1,3,4,1520
2025,"Douglas",7,4,11,69000
2025,"Dudley",5,8,13,16300
2025,"Fiskdale",0,1,1,0
2025,"Fitchburg",0,11,11,0
2025,"Gardner",0,2,2,0
2025,"Grafton",6,24,30,22400
2025,"Hardwick",0,1,1,0
2025,"Harvard",0,1,1,0
2025,"Holden",7,21,28,23550
2025,"Hopedale",0,3,3,0
2025,"Lancaster",0,4,4,0
2025,"Leicester",4,6,10,26300
2025,"Leominster",4,26,30,13200
2025,"Lunenburg",1,4,5,10000
2025,"Medway (Norfolk County)",1,10,11,12000
2025,"Mendon",2,6,8,2250
2025,"Milford",2,9,11,11100
2025,"Millbury",2,3,5,46000
2025,"Millville",1,0,1,5200
2025,"New Braintree",0,2,2,0
2025,"North Brookfield",1,1,2,4400
2025,"Northborough",1,32,33,900
2025,"Northbridge",2,5,7,10000
2025,"Oakham",0,2,2,0
2025,"Other",1,1,2,8000
2025,"Oxford",4,15,19,44000
2025,"Paxton",1,3,4,12000
2025,"Phillipston",2,1,3,10000
2025,"Princeton",2,2,4,18000
2025,"Rockdale",0,1,1,0
2025,"Royalston",0,1,1,0
2025,"Rutland",2,6,8,9600
2025,"Shrewsbury",9,18,27,30340
2025,"Southborough",0,21,21,0
2025,"Southbridge",0,5,5,0
2025,"Spencer",4,7,11,7600
2025,"Sterling",1,2,3,4000
2025,"Sturbridge",2,1,3,2150
2025,"Sutton",7,34,41,16650
2025,"Templeton",0,4,4,0
2025,"Upton",2,12,14,5700
2025,"Uxbridge",0,6,6,0
2025,"Warren",0,4,4,0
2025,"Webster",7,17,24,22250
2025,"West Boylston",1,7,8,1200
2025,"West Brookfield",0,1,1,0
2025,"Westborough",4,22,26,17800
2025,"Westminster",2,13,15,1740
2025,"Whitinsville",0,4,4,0
2025,"Winchendon",1,13,14,4000
2025,"Worcester",61,141,202,356702
2026,"Athol",0,2,2,0
2026,"Auburn",7,10,17,31500
2026,"Baldwinville",0,1,1,0
2026,"Barre",2,0,2,7350
2026,"Berlin",2,1,3,2050
2026,"Boylston",1,1,2,1550
2026,"Brookfield",1,0,1,850
2026,"Charlton",3,5,8,12000
2026,"Cherry Valley",1,1,2,20000
2026,"Clinton",1,0,1,1100
2026,"Douglas",3,3,6,47000
2026,"Dudley",7,0,7,18500
2026,"East Brookfield",1,5,6,6160
2026,"Fiskdale",0,1,1,0
2026,"Fitchburg",2,1,3,3050
2026,"Gardner",1,5,6,5200
2026,"Grafton",3,2,5,11130
2026,"Holden",4,4,8,19700
2026,"Hopedale",2,2,4,13600
2026,"Hubbardston",1,0,1,5220
2026,"Lancaster",0,1,1,0
2026,"Leicester",6,0,6,138450
2026,"Leominster",2,1,3,7930
2026,"Lunenburg",1,1,2,10000
2026,"Medway (Norfolk County)",1,3,4,12000
2026,"Mendon",3,2,5,2600
2026,"Milford",0,3,3,0
2026,"Millbury",1,2,3,20000
2026,"Millville",0,1,1,0
2026,"North Brookfield",3,2,5,7530
2026,"Northborough",2,1,3,9000
2026,"Northbridge",2,3,5,5000
2026,"Not Listed",1,1,2,1000
2026,"Oakham",1,0,1,600
2026,"Other",2,0,2,7800
2026,"Oxford",4,2,6,40000
2026,"Princeton",1,0,1,18000
2026,"Rochdale",1,1,2,14000
2026,"Rutland",2,7,9,3000
2026,"Shrewsbury",3,10,13,28400
2026,"Southborough",2,3,5,11800
2026,"Southbridge",1,4,5,1000
2026,"Spencer",5,5,10,36600
2026,"Sterling",1,1,2,10000
2026,"Sturbridge",1,2,3,2500
2026,"Sutton",8,6,14,16850
2026,"Templeton",1,3,4,6000
2026,"Uxbridge",1,3,4,10000
2026,"Warren",1,1,2,1000
2026,"Webster",5,4,9,29400
2026,"West Boylston",1,4,5,1500
2026,"West Brookfield",0,1,1,0
2026,"Westborough",3,11,14,16700
2026,"Westminster",1,2,3,1050
2026,"Whitinsville",1,4,5,6000
2026,"Worcester",65,60,125,678880
